InvoiceID,CustomerName,Product,Quantity,PricePerUnit,SaleDate,Region,Total
INV1000,Dr. Richard Hernandez,Laptop,4,700,2024-09-16,North,2800
INV1001,Kari Smith,Laptop,5,150,2025-03-20,North,750
INV1002,Kenneth Martinez,Tablet,3,150,2025-05-17,South,450
INV1003,Justin Shields,Phone,5,1200,2025-01-30,North,6000
INV1004,Kristen Smith,Phone,5,150,2025-03-28,North,750
INV1005,Ronald Barnett,Phone,2,300,2024-08-05,East,600
INV1006,Cody Washington,Laptop,3,150,2025-02-26,North,450
INV1007,Nicole Hodge,Printer,3,300,2024-07-18,South,900
INV1008,Samuel Stevenson,Laptop,3,1200,2024-07-25,East,3600
INV1009,Christopher Smith MD,Printer,5,700,2024-12-24,West,3500
INV1010,Katie Wilson,Monitor,4,700,2024-12-16,South,2800
INV1011,Robert Morrow,Laptop,3,150,2024-10-24,South,450
INV1012,Dawn Reyes,Laptop,5,300,2024-08-26,West,1500
INV1013,Zoe Daniels,Laptop,2,500,2025-07-14,South,1000
INV1014,Michele Trujillo,Phone,4,500,2024-10-14,West,2000
INV1015,Molly Smith,Phone,2,500,2025-02-11,West,1000
INV1016,Luke Silva,Printer,4,700,2025-02-09,South,2800
INV1017,Brian Russell,Printer,5,700,2025-05-09,North,3500
INV1018,Allison Day,Laptop,1,300,2025-06-25,North,300
INV1019,Dana Thomas,Printer,4,150,2025-02-07,West,600
INV1020,Dustin Robinson MD,Phone,2,500,2025-02-05,East,1000
INV1021,Laura Medina,Printer,5,300,2025-02-23,West,1500
INV1022,Crystal Whitaker,Monitor,4,300,2024-10-25,West,1200
INV1023,Brandon Torres,Phone,1,150,2024-09-04,West,150
INV1024,Victoria Bowman,Monitor,1,300,2024-10-10,North,300
INV1025,Susan Graham,Printer,3,150,2024-08-07,North,450
INV1026,Courtney Long,Tablet,3,1200,2025-06-22,North,3600
INV1027,Tammy Mata,Laptop,2,150,2024-07-27,West,300
INV1028,James Rocha,Phone,4,500,2025-01-24,East,2000
INV1029,Natalie Stephens,Monitor,4,500,2024-11-25,North,2000
INV1030,Amy Cobb,Tablet,3,150,2024-10-06,South,450
INV1031,Brittany Brown,Tablet,4,1200,2025-05-21,South,4800
INV1032,Lori Massey,Phone,4,1200,2025-01-17,South,4800
INV1033,Matthew Friedman,Phone,1,500,2025-02-25,West,500
INV1034,Sabrina Taylor,Tablet,3,1200,2024-11-29,South,3600
INV1035,Corey Baker,Laptop,5,300,2025-02-02,West,1500
INV1036,Jesse Woods,Laptop,3,700,2024-10-05,South,2100
INV1037,James Martin,Monitor,5,300,2024-09-05,East,1500
INV1038,Elizabeth Cuevas,Laptop,1,500,2025-05-14,West,500
INV1039,Lisa Williams,Tablet,2,1200,2024-11-06,South,2400
INV1040,Alyssa Richardson,Tablet,4,150,2025-01-19,North,600
INV1041,Erica Cox,Printer,1,700,2024-12-19,West,700
INV1042,Gregory Webb,Tablet,4,150,2025-02-02,North,600
INV1043,Mark Bennett,Laptop,2,500,2025-05-08,North,1000
INV1044,Katrina Brown,Monitor,2,1200,2024-10-06,North,2400
INV1045,Chelsey Mcdowell,Printer,1,150,2025-05-26,North,150
INV1046,Seth Kim,Laptop,2,150,2025-06-13,South,300
INV1047,Kelly Mcguire,Monitor,5,700,2025-05-27,South,3500
INV1048,Nicole Bell,Laptop,2,700,2024-11-30,West,1400
INV1049,Angela Whitehead,Printer,4,1200,2024-10-03,West,4800
INV1050,Keith Anderson,Tablet,4,700,2024-11-24,West,2800
INV1051,Melissa Stevens,Printer,4,150,2024-09-29,South,600
INV1052,Eric Casey,Tablet,4,150,2025-05-13,West,600
INV1053,Zachary Harris,Printer,5,500,2025-05-31,North,2500
INV1054,Juan Fuentes,Phone,3,150,2025-03-30,South,450
INV1055,Shannon Jimenez,Laptop,1,1200,2024-10-26,West,1200
INV1056,Keith Contreras,Laptop,4,300,2025-01-04,North,1200
INV1057,Sherry Jones,Phone,2,500,2024-07-25,West,1000
INV1058,Brandon Williams,Tablet,4,500,2024-12-20,East,2000
INV1059,Jason Whitaker,Laptop,2,1200,2024-10-11,West,2400
INV1060,Leah Shaw,Phone,2,1200,2024-11-29,East,2400
INV1061,Ethan Hubbard,Laptop,4,700,2025-06-01,West,2800
INV1062,Paul Espinoza,Monitor,5,500,2024-07-21,West,2500
INV1063,Melanie Montgomery,Tablet,2,700,2025-02-11,South,1400
INV1064,Theresa Edwards,Monitor,2,150,2024-10-02,South,300
INV1065,Shannon Ellis,Tablet,4,500,2024-12-30,East,2000
INV1066,Christine Hicks,Phone,2,500,2024-07-20,South,1000
INV1067,John Blair,Tablet,2,300,2025-01-09,North,600
INV1068,Sabrina Villarreal,Tablet,4,500,2025-05-07,North,2000
INV1069,Jessica Henry,Phone,4,150,2024-11-20,East,600
INV1070,Michael Stokes,Tablet,1,700,2024-09-27,North,700
INV1071,Kayla Patton,Laptop,5,700,2025-02-16,North,3500
INV1072,Vickie Cruz,Printer,5,300,2025-07-05,West,1500
INV1073,Sherry Navarro,Phone,2,150,2025-05-02,South,300
INV1074,Leslie Ward,Printer,5,700,2024-10-05,North,3500
INV1075,Adrian Brown,Phone,2,1200,2025-03-26,North,2400
INV1076,James White,Phone,1,150,2025-03-05,South,150
INV1077,Anthony Bush,Monitor,4,150,2025-06-16,North,600
INV1078,Frank Carr,Monitor,4,300,2024-08-17,North,1200
INV1079,Jill Campbell,Tablet,4,700,2025-05-23,South,2800
INV1080,Chad Hensley,Printer,5,150,2024-10-04,West,750
INV1081,Alex Munoz,Phone,1,700,2025-04-19,North,700
INV1082,Jeffrey Johnson,Tablet,5,1200,2025-02-28,South,6000
INV1083,Edwin Barr,Laptop,5,300,2025-02-05,North,1500
INV1084,Maria Collier,Phone,1,1200,2024-09-28,North,1200
INV1085,Lee Martinez,Laptop,1,300,2025-06-24,West,300
INV1086,Mario Dawson MD,Tablet,1,150,2024-07-18,East,150
INV1087,Jeanne Serrano MD,Monitor,1,300,2025-05-25,East,300
INV1088,Keith Valdez,Tablet,4,500,2025-05-26,South,2000
INV1089,Gary Jenkins,Laptop,3,700,2025-07-03,East,2100
INV1090,Steven Schultz,Phone,3,700,2024-08-13,South,2100
INV1091,Jonathan Smith,Printer,1,500,2025-01-04,East,500
INV1092,Edward Tran,Tablet,3,1200,2025-01-30,West,3600
INV1093,Julie Washington,Phone,3,500,2024-09-24,South,1500
INV1094,Jocelyn Fernandez,Monitor,1,150,2025-01-21,East,150
INV1095,Gregory Harris,Monitor,3,150,2025-06-24,West,450
INV1096,Michael Ramirez,Monitor,5,700,2025-05-12,East,3500
INV1097,George Adams,Phone,2,150,2025-05-11,North,300
INV1098,Cynthia Monroe,Tablet,2,700,2024-09-23,North,1400
INV1099,Jennifer Bradley,Phone,1,500,2025-06-14,West,500
